metric,count,mean,median,std,min,p10,p25,p75,p90,max,win_rate,tie_rate,loss_rate,mean_ci_low,mean_ci_high,slice_name,slice_value,num_scenes
delta_score,1914,-0.0006412858819409359,0.0,0.1670230499804036,-1.0,-0.035240712000608,-0.01122567404623459,0.01656929421670328,0.04205268122653164,1.0,0.4508881922675026,0.18025078369905956,0.36886102403343785,-0.00851812522188194,0.0068215932056959255,map_name,sg-one-north,1914
delta_oracle_score,1914,-0.0007970002961467801,0.0,0.028125076422707153,-0.7705471765397093,-0.00025184348124046536,0.0,0.0,0.003857488637913501,0.41666666666666663,0.1238244514106583,0.774294670846395,0.10188087774294671,-0.0021010726721790328,0.0003838331834801146,map_name,sg-one-north,1914
delta_ranking_ability,1914,0.00015571441420584353,0.0,0.16595906570909336,-1.0,-0.037345760463981297,-0.011850428757893341,0.01823136774377066,0.045171943452488914,1.0,0.4540229885057471,0.17398119122257052,0.3719958202716823,-0.0073186221822694845,0.0075705297659858905,map_name,sg-one-north,1914
delta_selected_no_at_fault_collisions,1914,-0.0013061650992685476,0.0,0.07318722129457886,-1.0,0.0,0.0,0.0,0.0,1.0,0.0020898641588296763,0.9942528735632183,0.0036572622779519333,-0.004702194357366771,0.0020898641588296763,map_name,sg-one-north,1914
delta_selected_drivable_area_compliance,1914,-0.0005224660397074191,0.0,0.16327713770713892,-1.0,0.0,0.0,0.0,0.0,1.0,0.013061650992685475,0.9733542319749217,0.013584117032392894,-0.007836990595611285,0.006792058516196447,map_name,sg-one-north,1914
delta_selected_ego_progress,1914,0.0049913306664932135,0.0,0.15981022985634594,-1.0,-0.07951363286684876,-0.025452427921989013,0.04031326575404778,0.1005262606112387,1.0,0.45245559038662486,0.18443051201671892,0.36311389759665624,-0.0025573727421569457,0.01202967273630205,map_name,sg-one-north,1914
delta_selected_time_to_collision_within_bound,1914,-0.004702194357366771,0.0,0.13125650408455,-1.0,0.0,0.0,0.0,0.0,1.0,0.006269592476489028,0.9827586206896551,0.0109717868338558,-0.01044932079414838,0.0010449320794148381,map_name,sg-one-north,1914
delta_selected_comfort,1914,0.0,0.0,0.0,0.0,0.0,0.0,0.0,0.0,0.0,0.0,1.0,0.0,0.0,0.0,map_name,sg-one-north,1914
delta_selected_driving_direction_compliance,1914,-0.0018286311389759666,0.0,0.11372971643747307,-1.0,0.0,0.0,0.0,0.0,1.0,0.01567398119122257,0.9655172413793104,0.018808777429467086,-0.006792058516196447,0.003134796238244514,map_name,sg-one-north,1914
delta_score,3731,-0.0012114423304730726,0.0,0.16944165659309934,-1.0,-0.02970851199934066,-0.0031138014211061216,0.012702305927775603,0.03211962743601937,1.0,0.3803269900830876,0.33771106941838647,0.28196194049852585,-0.006696563756956167,0.004126329305000231,map_name,us-ma-boston,3731
delta_oracle_score,3731,-0.0017471836677520655,0.0,0.051487038713198534,-1.0,0.0,0.0,0.0,0.0,1.0,0.06673813990887162,0.8673277941570624,0.06593406593406594,-0.0035015614789971196,-0.00018446810914312135,map_name,us-ma-boston,3731
delta_ranking_ability,3731,0.0005357413372789931,0.0,0.17306003574579354,-1.0,-0.02963600725555529,-0.0038480681593894978,0.012746288379920003,0.033860288373153094,1.0,0.37603859555079067,0.3339587242026266,0.2900026802465827,-0.0051551285059463405,0.005820731575050764,map_name,us-ma-boston,3731
delta_selected_no_at_fault_collisions,3731,0.00013401232913428035,0.0,0.11721744075255125,-1.0,0.0,0.0,0.0,0.0,1.0,0.0075046904315197,0.9852586437952292,0.007236665773251139,-0.0036183328866255695,0.0038863575448941303,map_name,us-ma-boston,3731
delta_selected_drivable_area_compliance,3731,-0.001876172607879925,0.0,0.12360412765406317,-1.0,0.0,0.0,0.0,0.0,1.0,0.006700616456714018,0.984722594478692,0.008576789064593943,-0.005628517823639775,0.0021441972661484857,map_name,us-ma-boston,3731
delta_selected_ego_progress,3731,0.00537076773114275,0.0,0.16187030031869953,-1.0,-0.060676634159903764,-0.004222537436665452,0.02888523229071388,0.07288864027940156,1.0,0.3781827928169392,0.3511123023318145,0.2707049048512463,0.00021196656130805208,0.010590518661557682,map_name,us-ma-boston,3731
delta_selected_time_to_collision_within_bound,3731,-0.005628517823639775,0.0,0.20377259648754809,-1.0,0.0,0.0,0.0,0.0,1.0,0.017957652103993568,0.9584561779683731,0.023586169927633342,-0.012067810238541947,0.0008040739748056821,map_name,us-ma-boston,3731
delta_selected_comfort,3731,-0.0005360493165371214,0.0,0.023149635063724572,-1.0,0.0,0.0,0.0,0.0,0.0,0.0,0.9994639506834628,0.0005360493165371214,-0.0013401232913428035,0.0,map_name,us-ma-boston,3731
delta_selected_driving_direction_compliance,3731,0.0017421602787456446,0.0,0.11834275203534764,-1.0,0.0,0.0,0.0,0.0,1.0,0.01876172607879925,0.9656928437416242,0.015545430179576521,-0.0020135352452425623,0.005360493165371214,map_name,us-ma-boston,3731
delta_score,4064,0.001901719839197386,0.0,0.10009184150297845,-1.0,-0.012791213609422291,0.0,0.001557715590155495,0.01852242689209936,1.0,0.2718996062992126,0.5041830708661418,0.22391732283464566,-0.0011713998972995381,0.004928980401155357,map_name,us-nv-las-vegas-strip,4064
delta_oracle_score,4064,0.00019494310201037724,0.0,0.03938198148579573,-1.0,0.0,0.0,0.0,0.0,1.0,0.07209645669291338,0.8651574803149606,0.06274606299212598,-0.0010527669901032731,0.0014356455354702688,map_name,us-nv-las-vegas-strip,4064
delta_ranking_ability,4064,0.0017067767371870069,0.0,0.09499591473161623,-1.0,-0.013685324558781188,-0.0,0.001540165360853659,0.018982831278222024,1.0,0.2694389763779528,0.5034448818897638,0.22711614173228348,-0.0011138933510630243,0.004647238152764873,map_name,us-nv-las-vegas-strip,4064
delta_selected_no_at_fault_collisions,4064,0.0004921259842519685,0.0,0.057640486914434345,-1.0,0.0,0.0,0.0,0.0,1.0,0.0022145669291338582,0.9963090551181102,0.0014763779527559055,-0.0012303149606299212,0.0023375984251968506,map_name,us-nv-las-vegas-strip,4064
delta_selected_drivable_area_compliance,4064,0.000984251968503937,0.0,0.06655264819722795,-1.0,0.0,0.0,0.0,0.0,1.0,0.0027066929133858267,0.9955708661417323,0.0017224409448818897,-0.000984251968503937,0.0031988188976377952,map_name,us-nv-las-vegas-strip,4064
delta_selected_ego_progress,4064,0.004662552810924115,0.0,0.09385748956782806,-1.0,-0.028281508221242955,0.0,0.003157222971237522,0.041972594231404835,1.0,0.2679625984251969,0.5145177165354331,0.21751968503937008,0.0018205148032921312,0.007367387588480509,map_name,us-nv-las-vegas-strip,4064
delta_selected_time_to_collision_within_bound,4064,-0.0004921259842519685,0.0,0.14378503500167722,-1.0,0.0,0.0,0.0,0.0,1.0,0.010088582677165354,0.9793307086614174,0.010580708661417323,-0.00468134842519685,0.003937007874015748,map_name,us-nv-las-vegas-strip,4064
delta_selected_comfort,4064,0.0,0.0,0.0,0.0,0.0,0.0,0.0,0.0,0.0,0.0,1.0,0.0,0.0,0.0,map_name,us-nv-las-vegas-strip,4064
delta_selected_driving_direction_compliance,4064,-0.00036909448818897637,0.0,0.04224049600092386,-1.0,0.0,0.0,0.0,0.0,1.0,0.001968503937007874,0.9950787401574803,0.002952755905511811,-0.0017224409448818897,0.000984251968503937,map_name,us-nv-las-vegas-strip,4064
delta_score,2437,0.0051974054212639365,0.0,0.18671037605263496,-1.0,-0.03530748280907731,-0.008946482392701571,0.010558482987866435,0.034873367132519144,1.0,0.35658596635207224,0.3192449733278621,0.32416906032006565,-0.002300667170175026,0.012293076057680182,map_name,us-pa-pittsburgh-hazelwood,2437
delta_oracle_score,2437,-0.0003427315536773753,0.0,0.06404701726718738,-1.0,0.0,0.0,0.0,0.0,1.0,0.059089043906442346,0.8863356585966352,0.05457529749692244,-0.002946603430469175,0.00211925246037226,map_name,us-pa-pittsburgh-hazelwood,2437
delta_ranking_ability,2437,0.005540136974941314,0.0,0.18067576326090082,-1.0,-0.03680536547061844,-0.0101260257699213,0.010477901654097801,0.03665754444243425,1.0,0.35207221994255233,0.31760361099712764,0.3303241690603201,-0.0016202755982708877,0.013220087326648419,map_name,us-pa-pittsburgh-hazelwood,2437
delta_selected_no_at_fault_collisions,2437,0.0036930652441526466,0.0,0.12728496534401984,-1.0,0.0,0.0,0.0,0.0,1.0,0.010258514567090685,0.9831760361099713,0.006565449322938038,-0.001436192039392696,0.00882232252769799,map_name,us-pa-pittsburgh-hazelwood,2437
delta_selected_drivable_area_compliance,2437,0.0012310217480508822,0.0,0.15296240957074905,-1.0,0.0,0.0,0.0,0.0,1.0,0.012310217480508822,0.9766105867870333,0.01107919573245794,-0.004524004924086992,0.006975789905621666,map_name,us-pa-pittsburgh-hazelwood,2437
delta_selected_ego_progress,2437,0.004117935866283983,0.0,0.19094792692767984,-1.0,-0.07955956242357874,-0.020222315066558028,0.02252055851261925,0.07520579822427269,1.0,0.3491998358637669,0.32991382847763645,0.32088633565859664,-0.003345631998322958,0.011781661037692195,map_name,us-pa-pittsburgh-hazelwood,2437
delta_selected_time_to_collision_within_bound,2437,0.005744768157570784,0.0,0.17884822762483835,-1.0,0.0,0.0,0.0,0.0,1.0,0.01887566680344686,0.9679934345506771,0.013130898645876077,-0.0012310217480508822,0.01272055806319245,map_name,us-pa-pittsburgh-hazelwood,2437
delta_selected_comfort,2437,-0.0012310217480508822,0.0,0.03507151346834819,-1.0,0.0,0.0,0.0,0.0,0.0,0.0,0.9987689782519491,0.0012310217480508822,-0.002872384078785392,0.0,map_name,us-pa-pittsburgh-hazelwood,2437
delta_selected_driving_direction_compliance,2437,0.008617152236356175,0.0,0.15272435622121353,-1.0,0.0,0.0,0.0,0.0,1.0,0.041444398851046366,0.9322938038572015,0.026261797291752154,0.0024569142388182193,0.014361920393926959,map_name,us-pa-pittsburgh-hazelwood,2437
delta_score,543,0.014921550807035023,0.0,0.18628984531534537,-1.0,-0.02812186735194222,-0.009543581019680558,0.007516182019185413,0.03038159278700907,1.0,0.3443830570902394,0.292817679558011,0.36279926335174956,-0.00028714538753471964,0.031332327902037986,maneuver,curved_left,543
delta_oracle_score,543,0.000974239924279557,0.0,0.050593642753650664,-0.41666666666666663,0.0,0.0,0.0,0.0,1.0,0.09208103130755065,0.8692449355432781,0.03867403314917127,-0.0027826712749532143,0.0058269683346521845,maneuver,curved_left,543
delta_ranking_ability,543,0.013947310882755465,0.0,0.1830037925448628,-1.0,-0.030029847416570558,-0.010369117630093495,0.007209138120222745,0.029587319835826166,1.0,0.3462246777163904,0.285451197053407,0.3683241252302026,-0.0014182984105386273,0.029851510246785354,maneuver,curved_left,543
delta_selected_no_at_fault_collisions,543,0.011049723756906077,0.0,0.13538043742224878,-1.0,0.0,0.0,0.0,0.0,1.0,0.014732965009208104,0.9815837937384899,0.003683241252302026,0.0,0.02394106813996317,maneuver,curved_left,543
delta_selected_drivable_area_compliance,543,0.009208103130755065,0.0,0.14216278469132596,-1.0,0.0,0.0,0.0,0.0,1.0,0.014732965009208104,0.9797421731123389,0.0055248618784530384,-0.001841620626151013,0.020303867403314666,maneuver,curved_left,543
delta_selected_ego_progress,543,0.016658867424913505,0.0,0.18220854028009087,-1.0,-0.06466008902938188,-0.019108050191396164,0.017634027581174272,0.07056029098188461,1.0,0.3425414364640884,0.30386740331491713,0.35359116022099446,0.0018054416806386024,0.032026989134827766,maneuver,curved_left,543
delta_selected_time_to_collision_within_bound,543,0.001841620626151013,0.0,0.18722166736110446,-1.0,0.0,0.0,0.0,0.0,1.0,0.01841620626151013,0.9650092081031307,0.016574585635359115,-0.01289134438305709,0.016574585635359115,maneuver,curved_left,543
delta_selected_comfort,543,0.0,0.0,0.0,0.0,0.0,0.0,0.0,0.0,0.0,0.0,1.0,0.0,0.0,0.0,maneuver,curved_left,543
delta_selected_driving_direction_compliance,543,0.001841620626151013,0.0,0.13237929389719255,-1.0,0.0,0.0,0.0,0.0,1.0,0.016574585635359115,0.9686924493554327,0.014732965009208104,-0.009208103130755065,0.01289134438305709,maneuver,curved_left,543
delta_score,436,3.916412435427743e-05,0.0,0.21026559128963454,-1.0,-0.02279380982783097,0.0,0.020969569914645853,0.04337449145072869,1.0,0.49311926605504586,0.26605504587155965,0.2408256880733945,-0.01967281805666462,0.01955990221857761,maneuver,curved_right,436
delta_oracle_score,436,-0.0018396004649079375,0.0,0.028903612816968502,-0.5833333333333334,0.0,0.0,0.0,0.0,0.05609465952797221,0.04128440366972477,0.8990825688073395,0.05963302752293578,-0.005035895432665287,-6.268564644810127e-06,maneuver,curved_right,436
delta_ranking_ability,436,0.0018787645892622028,0.0,0.21183118092442826,-1.0,-0.021694215018571397,-0.0,0.0211198070115232,0.04535182237473719,1.0,0.4908256880733945,0.26376146788990823,0.24541284403669725,-0.018752329548376613,0.02058084925967261,maneuver,curved_right,436
delta_selected_no_at_fault_collisions,436,-0.005733944954128441,0.0,0.10970875904233195,-1.0,0.0,0.0,0.0,0.0,1.0,0.0045871559633027525,0.9862385321100917,0.009174311926605505,-0.016055045871559634,0.0034403669724770644,maneuver,curved_right,436
delta_selected_drivable_area_compliance,436,-0.006880733944954129,0.0,0.18556752216683353,-1.0,0.0,0.0,0.0,0.0,1.0,0.013761467889908258,0.9655963302752294,0.020642201834862386,-0.022935779816513763,0.011467889908256881,maneuver,curved_right,436
delta_selected_ego_progress,436,0.00441194112149707,0.0,0.20465429570709168,-1.0,-0.05619586803734189,0.0,0.047311977338113126,0.09566437954710422,1.0,0.48623853211009177,0.268348623853211,0.24541284403669725,-0.014708928961001597,0.02361721975902439,maneuver,curved_right,436
delta_selected_time_to_collision_within_bound,436,0.006880733944954129,0.0,0.15887071153704724,-1.0,0.0,0.0,0.0,0.0,1.0,0.016055045871559634,0.9747706422018348,0.009174311926605505,-0.009174311926605505,0.020642201834862386,maneuver,curved_right,436
delta_selected_comfort,436,0.0,0.0,0.0,0.0,0.0,0.0,0.0,0.0,0.0,0.0,1.0,0.0,0.0,0.0,maneuver,curved_right,436
delta_selected_driving_direction_compliance,436,-0.0011467889908256881,0.0,0.08642885062032687,-1.0,0.0,0.0,0.0,0.0,1.0,0.006880733944954129,0.9839449541284404,0.009174311926605505,-0.009174311926605505,0.006880733944954129,maneuver,curved_right,436
delta_score,2134,-0.004495354376179357,0.0,0.15770911393617307,-1.0,-0.035938122064458455,-0.009769063181338439,0.0036800371457601233,0.027457191193939384,1.0,0.28444236176194937,0.3725398313027179,0.3430178069353327,-0.011218277173668871,0.0022413914888253605,maneuver,left,2134
delta_oracle_score,2134,-0.0027914605484801592,0.0,0.048535256484868804,-1.0,0.0,0.0,0.0,0.0,0.16666666666666663,0.04311152764761012,0.9123711340206185,0.04451733833177132,-0.0050146516191249815,-0.0009748792944298585,maneuver,left,2134
delta_ranking_ability,2134,-0.0017038938276992001,0.0,0.156267418213806,-1.0,-0.03571232562098139,-0.009456877165111531,0.004034579030923095,0.02925291615746658,1.0,0.2881911902530459,0.36785379568884724,0.34395501405810686,-0.008154730146013887,0.004643574734108037,maneuver,left,2134
delta_selected_no_at_fault_collisions,2134,0.002577319587628866,0.0,0.09246285031491407,-1.0,0.0,0.0,0.0,0.0,1.0,0.005623242736644799,0.9910965323336457,0.0032802249297094657,-0.0011715089034676663,0.006560449859418931,maneuver,left,2134
delta_selected_drivable_area_compliance,2134,-0.0023430178069353325,0.0,0.13168510955410723,-1.0,0.0,0.0,0.0,0.0,1.0,0.007497656982193065,0.9826616682286785,0.009840674789128397,-0.007966260543580132,0.0032802249297094657,maneuver,left,2134
delta_selected_ego_progress,2134,-0.002375448492991129,0.0,0.15857058696171789,-1.0,-0.07931499327723682,-0.020476831405723817,0.008660996929027748,0.06509309652893264,1.0,0.28350515463917525,0.3809746954076851,0.33552014995313967,-0.009016491223465447,0.0045699823057854866,maneuver,left,2134
delta_selected_time_to_collision_within_bound,2134,-0.007966260543580132,0.0,0.1689222525674209,-1.0,0.0,0.0,0.0,0.0,1.0,0.010309278350515464,0.971415182755389,0.018275538894095594,-0.015463917525773196,-0.0009372071227741331,maneuver,left,2134
delta_selected_comfort,2134,0.0,0.0,0.0,0.0,0.0,0.0,0.0,0.0,0.0,0.0,1.0,0.0,0.0,0.0,maneuver,left,2134
delta_selected_driving_direction_compliance,2134,0.0072633552014995315,0.0,0.1839013295570069,-1.0,0.0,0.0,0.0,0.0,1.0,0.05388940955951265,0.9053420805998126,0.04076850984067479,-0.00024015932521087127,0.014761012183692596,maneuver,left,2134
delta_score,1318,0.004367553197986483,0.0,0.2043867690887062,-1.0,-0.04786887588190404,-0.017722228759419256,0.01991285233689921,0.05173792654933885,1.0,0.40440060698027314,0.20257966616084977,0.3930197268588771,-0.007059890589285668,0.015605658954388093,maneuver,right,1318
delta_oracle_score,1318,-0.0026847885078190403,0.0,0.05187640275827794,-1.0,-0.00017563462852693176,0.0,0.0,0.0,0.41666666666666663,0.09256449165402124,0.8065250379362671,0.10091047040971168,-0.0059140970769901375,-0.00010635003433635715,maneuver,right,1318
delta_ranking_ability,1318,0.007052341705805529,0.0,0.2069846625643282,-1.0,-0.05185494074264487,-0.019259619235258617,0.021079900825227992,0.05967358871326636,1.0,0.3983308042488619,0.20030349013657056,0.4013657056145675,-0.004002650474183684,0.017764662028531022,maneuver,right,1318
delta_selected_no_at_fault_collisions,1318,-0.00037936267071320183,0.0,0.1314304523141166,-1.0,0.0,0.0,0.0,0.0,1.0,0.009863429438543247,0.9810318664643399,0.009104704097116844,-0.007587253414264037,0.006828528072837633,maneuver,right,1318
delta_selected_drivable_area_compliance,1318,0.0030349013657056147,0.0,0.16983591257923855,-1.0,0.0,0.0,0.0,0.0,1.0,0.015933232169954476,0.9711684370257967,0.012898330804248861,-0.006828528072837633,0.012139605462822459,maneuver,right,1318
delta_selected_ego_progress,1318,0.007240226185054384,0.0,0.19261835652454296,-1.0,-0.09935175175352227,-0.03693513197879167,0.04492919045731736,0.11102314334457249,1.0,0.3990895295902883,0.22230652503793627,0.37860394537177544,-0.0024098331846824205,0.017702342950174817,maneuver,right,1318
delta_selected_time_to_collision_within_bound,1318,0.002276176024279211,0.0,0.23542264207992625,-1.0,0.0,0.0,0.0,0.0,1.0,0.028831562974203338,0.9446130500758725,0.026555386949924126,-0.009863429438543247,0.015174506828528073,maneuver,right,1318
delta_selected_comfort,1318,-0.0007587253414264037,0.0,0.02754496943956198,-1.0,0.0,0.0,0.0,0.0,0.0,0.0,0.9992412746585736,0.0007587253414264037,-0.002276176024279211,0.0,maneuver,right,1318
delta_selected_driving_direction_compliance,1318,0.005690440060698027,0.0,0.15018925469023264,-1.0,0.0,0.0,0.0,0.0,1.0,0.0417298937784522,0.9279210925644916,0.030349013657056147,-0.002655538694992413,0.013657056145675266,maneuver,right,1318
delta_score,407,0.007371007371007371,0.0,0.09049819964065582,-0.41666666666666663,0.0,0.0,0.0,0.0,1.0,0.009828009828009828,0.9877149877149877,0.002457002457002457,0.0,0.0171990171990172,maneuver,stationary,407
delta_oracle_score,407,0.002457002457002457,0.0,0.04956815970966096,0.0,0.0,0.0,0.0,0.0,1.0,0.002457002457002457,0.9975429975429976,0.0,0.0,0.007371007371007371,maneuver,stationary,407
delta_ranking_ability,407,0.004914004914004914,0.0,0.07587574449029275,-0.4166666666666666,-0.0,-0.0,-0.0,0.0,1.0,0.007371007371007371,0.9901719901719902,0.002457002457002457,-0.0010237510237510235,0.013308763308763308,maneuver,stationary,407
delta_selected_no_at_fault_collisions,407,0.004914004914004914,0.0,0.0700135804942555,0.0,0.0,0.0,0.0,0.0,1.0,0.004914004914004914,0.995085995085995,0.0,0.0,0.012285012285012284,maneuver,stationary,407
delta_selected_drivable_area_compliance,407,0.002457002457002457,0.0,0.04956815970966096,0.0,0.0,0.0,0.0,0.0,1.0,0.002457002457002457,0.9975429975429976,0.0,0.0,0.007371007371007371,maneuver,stationary,407
delta_selected_ego_progress,407,0.007371007371007371,0.0,0.08564284552646183,0.0,0.0,0.0,0.0,0.0,1.0,0.007371007371007371,0.9926289926289926,0.0,0.0,0.0171990171990172,maneuver,stationary,407
delta_selected_time_to_collision_within_bound,407,0.004914004914004914,0.0,0.09913631941932194,-1.0,0.0,0.0,0.0,0.0,1.0,0.007371007371007371,0.9901719901719902,0.002457002457002457,-0.004914004914004914,0.014742014742014743,maneuver,stationary,407
delta_selected_comfort,407,0.0,0.0,0.0,0.0,0.0,0.0,0.0,0.0,0.0,0.0,1.0,0.0,0.0,0.0,maneuver,stationary,407
delta_selected_driving_direction_compliance,407,0.0,0.0,0.0,0.0,0.0,0.0,0.0,0.0,0.0,0.0,1.0,0.0,0.0,0.0,maneuver,stationary,407
delta_score,7308,0.0010077350030747807,0.0,0.13668479540707754,-1.0,-0.019135399807033847,-0.0008846137331320891,0.009400143343572837,0.027485693957719205,1.0,0.37082649151614666,0.36850027367268745,0.26067323481116583,-0.002129674056905812,0.0040528300969394524,maneuver,straight,7308
delta_oracle_score,7308,9.323928935806417e-05,0.0,0.04731798259292492,-1.0,0.0,0.0,0.0,0.0,1.0,0.08757525998905309,0.8366174055829229,0.07580733442802408,-0.0009970144476336628,0.001207165108150023,maneuver,straight,7308
delta_ranking_ability,7308,0.0009144957137167147,0.0,0.1343854895646689,-1.0,-0.02064858861946816,-0.0014870906746876026,0.0094809859868104,0.0281013918501313,1.0,0.3667214012041598,0.36631089217296114,0.26696770662287905,-0.0021909697747287842,0.003995860328430256,maneuver,straight,7308
delta_selected_no_at_fault_collisions,7308,-0.00020525451559934318,0.0,0.0877385638094135,-1.0,0.0,0.0,0.0,0.0,1.0,0.003968253968253968,0.9917898193760263,0.004241926655719759,-0.002257799671592775,0.0017788724685276409,maneuver,straight,7308
delta_selected_drivable_area_compliance,7308,-0.00041050903119868636,0.0,0.10528576431874385,-1.0,0.0,0.0,0.0,0.0,1.0,0.005336617405582923,0.9889162561576355,0.005747126436781609,-0.002736726874657909,0.002052545155993432,maneuver,straight,7308
delta_selected_ego_progress,7308,0.005491650692628887,0.0,0.1330317878870554,-1.0,-0.04220050820457559,-0.000755645095950358,0.021596659315312378,0.06289858951515329,1.0,0.3674055829228243,0.3784893267651888,0.25410509031198686,0.0024945371638979185,0.008573028866481865,maneuver,straight,7308
delta_selected_time_to_collision_within_bound,7308,-0.0013683634373289546,0.0,0.15781555738481287,-1.0,0.0,0.0,0.0,0.0,1.0,0.01176792556102901,0.975095785440613,0.013136288998357963,-0.0050629447181171315,0.002326217843459223,maneuver,straight,7308
delta_selected_comfort,7308,-0.0005473453749315818,0.0,0.02339061038027849,-1.0,0.0,0.0,0.0,0.0,0.0,0.0,0.9994526546250684,0.0005473453749315818,-0.0010946907498631637,-0.00013683634373289546,maneuver,straight,7308
delta_selected_driving_direction_compliance,7308,-0.00013683634373289546,0.0,0.060221596134460834,-1.0,0.0,0.0,0.0,0.0,1.0,0.003694581280788177,0.9920634920634921,0.004241926655719759,-0.001506910235358511,0.0012315270935960591,maneuver,straight,7308
delta_score,2539,-0.000856200667295439,0.0,0.11108782317923824,-1.0,-0.025178479958150233,0.0,0.0,0.0169064105547408,1.0,0.16896415911776289,0.6360771957463568,0.19495864513588027,-0.005286136557660863,0.0033669688561994275,speed_bin,0-2,2539
delta_oracle_score,2539,0.00024574349286399493,0.0,0.02178800651989358,-0.22679262409182355,0.0,0.0,0.0,0.0,1.0,0.019692792437967704,0.9582512800315085,0.02205592753052383,-0.0004333171913249164,0.0011988325612181986,speed_bin,0-2,2539
delta_ranking_ability,2539,-0.001101944160159432,0.0,0.10906229257613884,-1.0,-0.025317327493478498,-0.0,-0.0,0.01745063782991101,1.0,0.16975187081528162,0.6345017723513194,0.19574635683339897,-0.00541305698107927,0.0030252271690071318,speed_bin,0-2,2539
delta_selected_no_at_fault_collisions,2539,0.0019692792437967705,0.0,0.0909414761797291,-1.0,0.0,0.0,0.0,0.0,1.0,0.005120126033871603,0.9917290271760536,0.0031508467900748325,-0.0015754233950374162,0.005513981882630957,speed_bin,0-2,2539
delta_selected_drivable_area_compliance,2539,-0.0007877116975187081,0.0,0.05613793302458718,-1.0,0.0,0.0,0.0,0.0,1.0,0.0011815675462780622,0.9968491532099252,0.0019692792437967705,-0.0027569909413154787,0.0015754233950374162,speed_bin,0-2,2539
delta_selected_ego_progress,2539,-0.0013459410737422203,0.0,0.11938024880181786,-1.0,-0.05266113038292661,0.0,0.0,0.03677116019350763,1.0,0.16541945647892872,0.6467113036628593,0.18786923985821188,-0.005596832050766106,0.0034367542232430597,speed_bin,0-2,2539
delta_selected_time_to_collision_within_bound,2539,0.0011815675462780622,0.0,0.14720465388378112,-1.0,0.0,0.0,0.0,0.0,1.0,0.011421819614021268,0.9783379283182355,0.010240252067743205,-0.004332414336352895,0.0070894052776683735,speed_bin,0-2,2539
delta_selected_comfort,2539,-0.0015754233950374162,0.0,0.03966813825279439,-1.0,0.0,0.0,0.0,0.0,0.0,0.0,0.9984245766049625,0.0015754233950374162,-0.0031508467900748325,-0.00039385584875935406,speed_bin,0-2,2539
delta_selected_driving_direction_compliance,2539,-0.0023631350925561244,0.0,0.08059525684128754,-1.0,0.0,0.0,0.0,0.0,0.5,0.009846396218983852,0.9763686490744388,0.013784954706577392,-0.005513981882630957,0.0007877116975187081,speed_bin,0-2,2539
delta_score,968,0.005587446273829535,0.0,0.19930577112425935,-1.0,-0.01970414363863754,-0.0026400888581692428,0.004121433869691965,0.020242390445903882,1.0,0.3140495867768595,0.39669421487603307,0.2892561983471074,-0.0070849196389235845,0.018459384982515585,speed_bin,10+,968
delta_oracle_score,968,0.0035177215076453564,0.0,0.058440509107415634,-0.135686500394827,0.0,0.0,0.0,0.0,1.0,0.03512396694214876,0.9287190082644629,0.03615702479338843,0.0003848080766311651,0.007743424815539263,speed_bin,10+,968
delta_ranking_ability,968,0.0020697247661841758,0.0,0.19607129466111822,-1.0,-0.021469722524325618,-0.0025224830750257506,0.004232191659648853,0.019104718332756447,1.0,0.31921487603305787,0.39462809917355374,0.28615702479338845,-0.01007768840310197,0.014647150453961437,speed_bin,10+,968
delta_selected_no_at_fault_collisions,968,0.0,0.0,0.09095608449760506,-1.0,0.0,0.0,0.0,0.0,1.0,0.004132231404958678,0.9917355371900827,0.004132231404958678,-0.005165289256198347,0.006198347107438017,speed_bin,10+,968
delta_selected_drivable_area_compliance,968,0.006198347107438017,0.0,0.18180643000471788,-1.0,0.0,0.0,0.0,0.0,1.0,0.01962809917355372,0.9669421487603306,0.013429752066115703,-0.005165289256198347,0.01756198347107438,speed_bin,10+,968
delta_selected_ego_progress,968,0.005145408247273515,0.0,0.18780331035721132,-1.0,-0.04134442173140452,-0.00507214175870474,0.009611363816401236,0.043056959147348174,1.0,0.3109504132231405,0.40702479338842973,0.28202479338842973,-0.006876169213829511,0.016976134942642246,speed_bin,10+,968
delta_selected_time_to_collision_within_bound,968,0.004132231404958678,0.0,0.17608717133091153,-1.0,0.0,0.0,0.0,0.0,1.0,0.01756198347107438,0.96900826446281,0.013429752066115703,-0.007231404958677686,0.015495867768595042,speed_bin,10+,968
delta_selected_comfort,968,0.0,0.0,0.0,0.0,0.0,0.0,0.0,0.0,0.0,0.0,1.0,0.0,0.0,0.0,speed_bin,10+,968
delta_selected_driving_direction_compliance,968,-0.0025826446280991736,0.0,0.07706846623977907,-1.0,0.0,0.0,0.0,0.0,1.0,0.0030991735537190084,0.9917355371900827,0.005165289256198347,-0.007747933884297521,0.002066115702479339,speed_bin,10+,968
delta_score,3458,0.0030663428008056463,0.0,0.15354416343553073,-1.0,-0.028321182018363908,-0.0030975523419027873,0.01495179013761172,0.038798749255004816,1.0,0.4008097165991903,0.316657027183343,0.2825332562174667,-0.001917325720801326,0.008286411787093368,speed_bin,2-5,3458
delta_oracle_score,3458,-0.0025479308050238157,0.0,0.047285895636672126,-1.0,0.0,0.0,0.0,0.0,1.0,0.07027183342972816,0.838635049161365,0.09109311740890688,-0.004163238385564059,-0.0010305320076509207,speed_bin,2-5,3458
delta_ranking_ability,3458,0.005614273605829462,0.0,0.15233591530755794,-1.0,-0.028224132903332193,-0.003556727850784025,0.016070467361733856,0.04083921951656809,1.0,0.4048582995951417,0.313475997686524,0.2816657027183343,0.0006764167280314086,0.010937567107642297,speed_bin,2-5,3458
delta_selected_no_at_fault_collisions,3458,0.0015905147484094853,0.0,0.09506365902819372,-1.0,0.0,0.0,0.0,0.0,1.0,0.005494505494505495,0.9907460960092539,0.0037593984962406013,-0.001735106998264893,0.004626951995373048,speed_bin,2-5,3458
delta_selected_drivable_area_compliance,3458,0.0002891844997108155,0.0,0.1238189338578289,-1.0,0.0,0.0,0.0,0.0,1.0,0.007807981492192018,0.9846732215153268,0.007518796992481203,-0.0037593984962406013,0.004337767495662233,speed_bin,2-5,3458
delta_selected_ego_progress,3458,0.010287844421190585,0.0,0.1506199385980806,-1.0,-0.059703940268396365,-0.0045640316200621645,0.03523597251604765,0.09062137841600985,1.0,0.39791787160208214,0.3285135916714864,0.27356853672643144,0.005468975433576295,0.015339654963160592,speed_bin,2-5,3458
delta_selected_time_to_collision_within_bound,3458,-0.0037593984962406013,0.0,0.17589074749225472,-1.0,0.0,0.0,0.0,0.0,1.0,0.013591671486408328,0.9690572585309427,0.01735106998264893,-0.009543088490456911,0.002313475997686524,speed_bin,2-5,3458
delta_selected_comfort,3458,-0.0002891844997108155,0.0,0.017005425596285897,-1.0,0.0,0.0,0.0,0.0,0.0,0.0,0.9997108155002892,0.0002891844997108155,-0.0008675534991324465,0.0,speed_bin,2-5,3458
delta_selected_driving_direction_compliance,3458,0.004193175245806825,0.0,0.12168568101273725,-1.0,0.0,0.0,0.0,0.0,1.0,0.025448235974551765,0.9572006940427993,0.01735106998264893,0.0002891844997108155,0.0081007807981492,speed_bin,2-5,3458
delta_score,5181,0.00015618336635757829,0.0,0.1613590323436499,-1.0,-0.02553529438370905,-0.006163080103995577,0.011794453882280953,0.03046585279000702,1.0,0.4124686353985717,0.2582513028372901,0.3292800617641382,-0.004278808121761815,0.004679447100735838,speed_bin,5-10,5181
delta_oracle_score,5181,-0.0006380122148155788,0.0,0.05458577463559577,-1.0,0.0,0.0,0.0,0.001280469540980711,1.0,0.11503570739239528,0.8033198224281027,0.08164447017950202,-0.0022057354217859633,0.000820855691600634,speed_bin,5-10,5181
delta_ranking_ability,5181,0.000794195581173156,0.0,0.16021668090057772,-1.0,-0.0281466978740407,-0.007426332335460306,0.0117246711640103,0.03115416907693941,1.0,0.40243196294151706,0.25516309592742714,0.3424049411310558,-0.0036506244021334024,0.0050600544420468805,speed_bin,5-10,5181
delta_selected_no_at_fault_collisions,5181,-0.00028951939779965256,0.0,0.10233713468389428,-1.0,0.0,0.0,0.0,0.0,1.0,0.005790387955993051,0.9882262111561475,0.005983400887859486,-0.0030882069098629606,0.002509168114263656,speed_bin,5-10,5181
delta_selected_drivable_area_compliance,5181,-0.0011580775911986102,0.0,0.1318073441500969,-1.0,0.0,0.0,0.0,0.0,1.0,0.008106543138390272,0.9826288361320209,0.009264620729588882,-0.004825323296660877,0.00212796757382742,speed_bin,5-10,5181
delta_selected_ego_progress,5181,0.004137616063440449,0.0,0.15365417003359,-1.0,-0.05631995279748103,-0.013526219553528951,0.0274855812992314,0.06900272901032434,1.0,0.4091874155568423,0.267515923566879,0.32329666087627873,0.00010431159789783157,0.008137724566011528,speed_bin,5-10,5181
delta_selected_time_to_collision_within_bound,5181,-0.0023161551823972205,0.0,0.1746326570016884,-1.0,0.0,0.0,0.0,0.0,1.0,0.01408994402624976,0.9695039567651033,0.01640609920864698,-0.007141478479058097,0.0023161551823972205,speed_bin,5-10,5181
delta_selected_comfort,5181,0.0,0.0,0.0,0.0,0.0,0.0,0.0,0.0,0.0,0.0,1.0,0.0,0.0,0.0,speed_bin,5-10,5181
delta_selected_driving_direction_compliance,5181,0.0031847133757961785,0.0,0.11431975429413967,-1.0,0.0,0.0,0.0,0.0,1.0,0.01795020266357846,0.968538892105771,0.013510905230650454,9.650646593321752e-05,0.006275332947307456,speed_bin,5-10,5181
delta_score,3518,-0.001042174911625605,0.0,0.17709746116011685,-1.0,-0.04058084163708813,-0.011977645155431704,0.009660308415885527,0.038261224154543784,1.0,0.32944855031267767,0.308982376350199,0.36156907333712335,-0.006801088964346786,0.004912898496289454,geometry_complexity,high,3518
delta_oracle_score,3518,-0.0026877159952029693,0.0,0.049384560298538535,-1.0,0.0,0.0,0.0,0.0,0.41666666666666663,0.06196702671972712,0.8723706651506538,0.0656623081296191,-0.004340939484960738,-0.0011539219234159503,geometry_complexity,high,3518
delta_ranking_ability,3518,0.0016455410835773648,0.0,0.17753158815357964,-1.0,-0.041567944377473645,-0.012605113074595803,0.010628329408829244,0.04243044378657418,1.0,0.3291642978965321,0.305287094940307,0.3655486071631609,-0.004137382695967759,0.007674145183476851,geometry_complexity,high,3518
delta_selected_no_at_fault_collisions,3518,0.0017055144968732233,0.0,0.10926612655609635,-1.0,0.0,0.0,0.0,0.0,1.0,0.007390562819783968,0.9872086412734509,0.005400795906765207,-0.001847640704945992,0.005262222853894239,geometry_complexity,high,3518
delta_selected_drivable_area_compliance,3518,-0.0002842524161455372,0.0,0.14796478819763217,-1.0,0.0,0.0,0.0,0.0,1.0,0.010801591813530414,0.9781125639567936,0.011085844229675953,-0.00511654349061967,0.004832291074474133,geometry_complexity,high,3518
delta_selected_ego_progress,3518,0.0015582951993151403,0.0,0.17288614272394034,-1.0,-0.08738108678157776,-0.026042511938510232,0.022213251040145182,0.08705279903345267,1.0,0.32717453098351335,0.3214894826606026,0.35133598635588403,-0.004239982887180958,0.007289404967773188,geometry_complexity,high,3518
delta_selected_time_to_collision_within_bound,3518,-0.004263786242183059,0.0,0.19587445510515925,-1.0,0.0,0.0,0.0,0.0,1.0,0.017055144968732235,0.9616259238203525,0.02131893121091529,-0.010801591813530414,0.001989766913018761,geometry_complexity,high,3518
delta_selected_comfort,3518,-0.0002842524161455372,0.0,0.01685978695433419,-1.0,0.0,0.0,0.0,0.0,0.0,0.0,0.9997157475838545,0.0002842524161455372,-0.0008527572484366117,0.0,geometry_complexity,high,3518
delta_selected_driving_direction_compliance,3518,0.0062535531552018195,0.0,0.1714332877361894,-1.0,0.0,0.0,0.0,0.0,1.0,0.04860716316088687,0.9147242751563388,0.036668561682774305,0.0009948834565093804,0.011796475270039795,geometry_complexity,high,3518
delta_score,6176,0.0025018883732396986,0.0,0.1187970692454207,-1.0,-0.01542595509611161,0.0,0.007568780062369718,0.02428541819434249,1.0,0.3479598445595855,0.4179080310880829,0.2341321243523316,-0.00036351537537243796,0.005585254212940019,geometry_complexity,low,6176
delta_oracle_score,6176,0.0004849838326343773,0.0,0.04257704118862252,-1.0,0.0,0.0,0.0,0.0,1.0,0.08435880829015543,0.8397020725388601,0.07593911917098446,-0.0005412073402206568,0.0016082204864359868,geometry_complexity,low,6176
delta_ranking_ability,6176,0.0020169045406053195,0.0,0.11749745820009418,-1.0,-0.016811882149640404,-0.0,0.007726541697709826,0.024831843138658452,1.0,0.3439119170984456,0.41531735751295334,0.24077072538860103,-0.0010619572890974349,0.005030124773694262,geometry_complexity,low,6176
delta_selected_no_at_fault_collisions,6176,0.0003238341968911917,0.0,0.08048371206618407,-1.0,0.0,0.0,0.0,0.0,1.0,0.003562176165803109,0.9930375647668394,0.003400259067357513,-0.0016191709844559584,0.0024287564766839378,geometry_complexity,low,6176
delta_selected_drivable_area_compliance,6176,0.0003238341968911917,0.0,0.0881656081851471,-1.0,0.0,0.0,0.0,0.0,1.0,0.004047927461139896,0.9922279792746114,0.0037240932642487044,-0.0019430051813471502,0.0025906735751295338,geometry_complexity,low,6176
delta_selected_ego_progress,6176,0.0066893859845612,0.0,0.11696106567019375,-1.0,-0.03499820589113006,0.0,0.017078781023462553,0.05633657915967627,1.0,0.3442357512953368,0.4258419689119171,0.22992227979274613,0.0038646647445274886,0.009534328820315541,geometry_complexity,low,6176
delta_selected_time_to_collision_within_bound,6176,-0.00048575129533678756,0.0,0.13998180491718457,-1.0,0.0,0.0,0.0,0.0,1.0,0.009553108808290155,0.9804080310880829,0.010038860103626942,-0.004047927461139896,0.0030764248704663213,geometry_complexity,low,6176
delta_selected_comfort,6176,-0.00016191709844559586,0.0,0.01272466496398219,-1.0,0.0,0.0,0.0,0.0,0.0,0.0,0.9998380829015544,0.00016191709844559586,-0.00048575129533678756,0.0,geometry_complexity,low,6176
delta_selected_driving_direction_compliance,6176,-0.00016191709844559586,0.0,0.03244388012483875,-1.0,0.0,0.0,0.0,0.0,1.0,0.0011334196891191709,0.9972474093264249,0.0016191709844559584,-0.0009715025906735751,0.0006476683937823834,geometry_complexity,low,6176
delta_score,2452,0.001167235999616197,0.0,0.19020405628484943,-1.0,-0.028670824844057204,-0.006059939571185058,0.012729415433865937,0.036612505487478186,1.0,0.3866231647634584,0.31158238172920066,0.30179445350734097,-0.0062426329291264135,0.008493618767771249,geometry_complexity,medium,2452
delta_oracle_score,2452,-0.0006635661256832589,0.0,0.05680453993006505,-1.0,0.0,0.0,0.0,0.0,1.0,0.07504078303425775,0.8723491027732463,0.05261011419249592,-0.002889383428425667,0.0015150650287620142,geometry_complexity,medium,2452
delta_ranking_ability,2452,0.0018308021252994538,0.0,0.18571474370907848,-1.0,-0.030733446999325006,-0.00645116911998345,0.012331410808310751,0.03683863993086414,1.0,0.38458401305057094,0.3099510603588907,0.3054649265905383,-0.0056358664026405,0.009610642590940206,geometry_complexity,medium,2452
delta_selected_no_at_fault_collisions,2452,0.0004078303425774878,0.0,0.11515089025882522,-1.0,0.0,0.0,0.0,0.0,1.0,0.00734094616639478,0.9861337683523654,0.0065252854812398045,-0.004282218597063622,0.004899061990212043,geometry_complexity,medium,2452
delta_selected_drivable_area_compliance,2452,-0.0008156606851549756,0.0,0.1538282975129088,-1.0,0.0,0.0,0.0,0.0,1.0,0.011419249592169658,0.9763458401305057,0.012234910277324634,-0.006933115823817292,0.004893964110929853,geometry_complexity,medium,2452
delta_selected_ego_progress,2452,0.004804255823185418,0.0,0.18240613090508967,-1.0,-0.06250685957010277,-0.012199940026882072,0.028712873573986913,0.08186435179071676,1.0,0.3833605220228385,0.32504078303425776,0.29159869494290375,-0.002391959005899074,0.011968923512460063,geometry_complexity,medium,2452
delta_selected_time_to_collision_within_bound,2452,0.0,0.0,0.19583588329633186,-1.0,0.0,0.0,0.0,0.0,1.0,0.019168026101141926,0.9616639477977161,0.019168026101141926,-0.007748776508972268,0.007748776508972268,geometry_complexity,medium,2452
delta_selected_comfort,2452,-0.0012234910277324632,0.0,0.03496416261031743,-1.0,0.0,0.0,0.0,0.0,0.0,0.0,0.9987765089722676,0.0012234910277324632,-0.0028548123980424145,0.0,geometry_complexity,medium,2452
delta_selected_driving_direction_compliance,2452,0.0006117455138662316,0.0,0.11291378842088591,-1.0,0.0,0.0,0.0,0.0,1.0,0.01264274061990212,0.9747145187601958,0.01264274061990212,-0.00367047308319739,0.005097879282218597,geometry_complexity,medium,2452
delta_score,7999,-0.002450583290739853,0.0,0.1474495698071383,-1.0,-0.02600250405077098,-0.0028345870287417307,0.008609129025315354,0.028423667160298646,1.0,0.3499187398424803,0.3715464433054132,0.2785348168521065,-0.00569204021240515,0.0007154137345744601,in_intersection,False,7999
delta_oracle_score,7999,-0.0009986438934033253,0.0,0.0442774019861599,-1.0,0.0,0.0,0.0,0.0,1.0,0.08126015751968996,0.8477309663707964,0.07100887610951369,-0.001974415359510995,-1.8922521702727618e-05,in_intersection,False,7999
delta_ranking_ability,7999,-0.0014519393973365276,0.0,0.14586647800761324,-1.0,-0.027423954053770176,-0.003950538778723747,0.00888611008485605,0.02982226557506018,1.0,0.34716839604950617,0.3677959744968121,0.2850356294536817,-0.004525335334901093,0.0015677013545767322,in_intersection,False,7999
delta_selected_no_at_fault_collisions,7999,-0.0003125390673834229,0.0,0.09271354422015109,-1.0,0.0,0.0,0.0,0.0,1.0,0.00450056257032129,0.9907488436054507,0.004750593824228029,-0.0023127890986373296,0.001687710963870484,in_intersection,False,7999
delta_selected_drivable_area_compliance,7999,-0.0026253281660207524,0.0,0.12092048608301587,-1.0,0.0,0.0,0.0,0.0,1.0,0.006000750093761721,0.9853731716464558,0.008626078259782472,-0.005375671958994874,0.00012501562695336918,in_intersection,False,7999
delta_selected_ego_progress,7999,0.001351509052357993,0.0,0.14375329054502378,-1.0,-0.05639225684645763,-0.004825984526257765,0.019900507034731063,0.0656547033010163,1.0,0.34691836479559945,0.38104763095386923,0.2720340042505313,-0.0017688831726317548,0.004361737251389501,in_intersection,False,7999
delta_selected_time_to_collision_within_bound,7999,-0.0031253906738342293,0.0,0.15450307749162429,-1.0,0.0,0.0,0.0,0.0,1.0,0.010376297037129641,0.9761220152519064,0.013501687710963871,-0.006375796974621828,0.00025003125390673836,in_intersection,False,7999
delta_selected_comfort,7999,-0.0006250781347668458,0.0,0.024995309910964436,-1.0,0.0,0.0,0.0,0.0,0.0,0.0,0.9993749218652331,0.0006250781347668458,-0.0012501562695336917,-0.00012501562695336918,in_intersection,False,7999
delta_selected_driving_direction_compliance,7999,0.0007500937617202151,0.0,0.10063284340597609,-1.0,0.0,0.0,0.0,0.0,1.0,0.014751843980497562,0.972246530816352,0.013001625203150393,-0.001376734591823978,0.0029378672334041756,in_intersection,False,7999
delta_score,4147,0.00825887862737316,0.0,0.1643228685120303,-1.0,-0.025164937882538818,-0.00458365522996107,0.009681836630990925,0.03268871023567593,1.0,0.3513383168555582,0.3520617313720762,0.2965999517723656,0.003111395128379175,0.013327316045485411,in_intersection,True,4147
delta_oracle_score,4147,-2.3881446254228422e-05,0.0,0.0538444995279094,-1.0,0.0,0.0,0.0,0.0,1.0,0.06583072100313479,0.8712322160598023,0.06293706293706294,-0.0016668837183712105,0.001610900343171207,in_intersection,True,4147
delta_ranking_ability,4147,0.008282760073627384,0.0,0.16303290925202474,-1.0,-0.026806345308674324,-0.004777446917802245,0.009764789560083,0.03448159442727184,1.0,0.34916807330600436,0.3513383168555582,0.2994936098384374,0.003681161587574203,0.013056938808324968,in_intersection,True,4147
delta_selected_no_at_fault_collisions,4147,0.002773088979985532,0.0,0.10500971571608657,-1.0,0.0,0.0,0.0,0.0,1.0,0.007234145165179648,0.9884253677357125,0.0043404870991077885,-0.0003617072582589824,0.006028454304316373,in_intersection,True,4147
delta_selected_drivable_area_compliance,4147,0.004822763443453099,0.0,0.1260781240922052,-1.0,0.0,0.0,0.0,0.0,1.0,0.010368941403424162,0.9840848806366048,0.005546177959971064,0.0012056908608632747,0.008439836026042922,in_intersection,True,4147
delta_selected_ego_progress,4147,0.011517975577641594,0.0,0.15962659317417896,-1.0,-0.05358147566027335,-0.008149364342474152,0.022191616005067583,0.0732861866567366,1.0,0.3477212442729684,0.3641186399807089,0.28816011574632266,0.007137877775033568,0.016485742939845567,in_intersection,True,4147
delta_selected_time_to_collision_within_bound,4147,0.0016879672052085846,0.0,0.19582483794501132,-1.0,0.0,0.0,0.0,0.0,1.0,0.02001446829033036,0.9616590306245478,0.018326501085121776,-0.004581625271280444,0.0074752833373523024,in_intersection,True,4147
delta_selected_comfort,4147,0.0,0.0,0.0,0.0,0.0,0.0,0.0,0.0,0.0,0.0,1.0,0.0,0.0,0.0,in_intersection,True,4147
delta_selected_driving_direction_compliance,4147,0.003978779840848806,0.0,0.12048337895772757,-1.0,0.0,0.0,0.0,0.0,1.0,0.0219435736677116,0.9621413069688932,0.015915119363395226,0.0003617072582589824,0.007716421509524958,in_intersection,True,4147
delta_score,1474,0.001039834228683671,0.0,0.16034691101706303,-1.0,-0.022952500354059102,-0.004513550836631991,0.012000807074440123,0.028211055757490854,1.0,0.42198100407055633,0.2747625508819539,0.30325644504748983,-0.007250920396183691,0.009119379577445491,near_intersection,False,1474
delta_oracle_score,1474,-0.0002683457152518137,0.0,0.06033287821936216,-1.0,0.0,0.0,0.0,0.0,1.0,0.09972862957937585,0.8120759837177748,0.08819538670284939,-0.003465821590989365,0.002860190906321443,near_intersection,False,1474
delta_ranking_ability,1474,0.0013081799439354873,0.0,0.15294641978008205,-1.0,-0.02574687326396858,-0.005321930634873698,0.011731769201905775,0.028498557748818102,1.0,0.41044776119402987,0.27544097693351427,0.3141112618724559,-0.00632052109768212,0.008872876014213871,near_intersection,False,1474
delta_selected_no_at_fault_collisions,1474,0.0033921302578018998,0.0,0.07809267106504933,-1.0,0.0,0.0,0.0,0.0,1.0,0.0047489823609226595,0.9938941655359566,0.0013568521031207597,-0.0006784260515603799,0.007462686567164179,near_intersection,False,1474
delta_selected_drivable_area_compliance,1474,-0.0033921302578018998,0.0,0.14963871255954206,-1.0,0.0,0.0,0.0,0.0,1.0,0.009497964721845319,0.9776119402985075,0.012890094979647219,-0.010854816824966078,0.004070556309362279,near_intersection,False,1474
delta_selected_ego_progress,1474,0.005344991565394408,0.0,0.15547723547419373,-1.0,-0.05227092985082703,-0.009110678297430619,0.028748621281962733,0.06714078164990828,1.0,0.4226594301221167,0.2801899592944369,0.2971506105834464,-0.00240165609712066,0.013243561952504555,near_intersection,False,1474
delta_selected_time_to_collision_within_bound,1474,0.0013568521031207597,0.0,0.1276379125687619,-1.0,0.0,0.0,0.0,0.0,1.0,0.008819538670284939,0.9837177747625508,0.007462686567164179,-0.0047489823609226595,0.008141112618724558,near_intersection,False,1474
delta_selected_comfort,1474,-0.0020352781546811396,0.0,0.045083419440439566,-1.0,0.0,0.0,0.0,0.0,0.0,0.0,0.9979647218453188,0.0020352781546811396,-0.0047489823609226595,0.0,near_intersection,False,1474
delta_selected_driving_direction_compliance,1474,-0.0006784260515603799,0.0,0.08442658940125639,-1.0,0.0,0.0,0.0,0.0,1.0,0.008141112618724558,0.9837177747625508,0.008141112618724558,-0.00508819538670285,0.0037313432835820895,near_intersection,False,1474
delta_score,10672,0.0012288828965525366,0.0,0.1525341270887638,-1.0,-0.026347384939621517,-0.003246921963649646,0.00843817774218425,0.03016242821018776,1.0,0.34051724137931033,0.3773425787106447,0.282140179910045,-0.001547898759913984,0.004104192728462271,near_intersection,True,10672
delta_oracle_score,10672,-0.000720731566404452,0.0,0.045755787212480185,-1.0,0.0,0.0,0.0,0.0,1.0,0.0727136431784108,0.8617878560719641,0.06549850074962518,-0.0016000440235074886,0.00015559021697996911,near_intersection,True,10672
delta_ranking_ability,10672,0.0019496144629569886,0.0,0.15188633873855503,-1.0,-0.02736800893219654,-0.003977781554599823,0.00884143790882797,0.03175239160810343,1.0,0.3392053973013493,0.37415667166416794,0.28663793103448276,-0.0008213060428432517,0.0047671028572467515,near_intersection,True,10672
delta_selected_no_at_fault_collisions,10672,0.0003748125937031484,0.0,0.09943071993918626,-1.0,0.0,0.0,0.0,0.0,1.0,0.005528485757121439,0.989411544227886,0.005059970014992503,-0.0014992503748125937,0.002202023988005997,near_intersection,True,10672
delta_selected_drivable_area_compliance,10672,0.0003748125937031484,0.0,0.11856073941929039,-1.0,0.0,0.0,0.0,0.0,1.0,0.007215142428785608,0.985944527736132,0.006840329835082459,-0.001780359820089955,0.002623688155922039,near_intersection,True,10672
delta_selected_ego_progress,10672,0.004750491760016858,0.0,0.14858727783008516,-1.0,-0.05633008038741861,-0.005749992852425889,0.019261830731468754,0.06816809036209595,1.0,0.3367691154422789,0.38839955022488754,0.2748313343328336,0.002004051770149958,0.007588820377081892,near_intersection,True,10672
delta_selected_time_to_collision_within_bound,10672,-0.0018740629685157421,0.0,0.17477578947095704,-1.0,0.0,0.0,0.0,0.0,1.0,0.014336581709145427,0.9694527736131934,0.01621064467766117,-0.005062312593703148,0.0014055472263868067,near_intersection,True,10672
delta_selected_comfort,10672,-0.0001874062968515742,0.0,0.013689000498425388,-1.0,0.0,0.0,0.0,0.0,0.0,0.0,0.9998125937031485,0.0001874062968515742,-0.00046851574212893553,0.0,near_intersection,True,10672
delta_selected_driving_direction_compliance,10672,0.002202023988005997,0.0,0.11067061679517201,-1.0,0.0,0.0,0.0,0.0,1.0,0.01845952023988006,0.9667353823088456,0.014805097451274363,0.00014055472263868065,0.004217812968515736,near_intersection,True,10672
delta_score,5234,-0.000589331469513132,0.0,0.15904328991459057,-1.0,-0.03053794427408117,-0.005943721999088963,0.010678260375216131,0.03266389046195458,1.0,0.3544134505158579,0.3362628964463126,0.30932365303782955,-0.00487308715471383,0.00374358190767725,has_traffic_light,False,5234
delta_oracle_score,5234,-0.0016042202154952386,0.0,0.0530622008360955,-1.0,0.0,0.0,0.0,0.0,1.0,0.06782575468093237,0.865112724493695,0.06706152082537256,-0.003158518863234476,-0.00019951226985020752,has_traffic_light,False,5234
delta_ranking_ability,5234,0.0010148887459821062,0.0,0.15727610183404875,-1.0,-0.030894919627854758,-0.006367664180386627,0.0110617806355457,0.034961910995638855,1.0,0.35670615208253725,0.33358807795185325,0.3097057699656095,-0.003249297803869478,0.005205863802767455,has_traffic_light,False,5234
delta_selected_no_at_fault_collisions,5234,0.0004776461597248758,0.0,0.08322838833821994,-1.0,0.0,0.0,0.0,0.0,1.0,0.0038211692777990066,0.9929308368360719,0.0032479938861291555,-0.001719526175009553,0.0026748184944593045,has_traffic_light,False,5234
delta_selected_drivable_area_compliance,5234,-0.0021016431027894534,0.0,0.14297812592090264,-1.0,0.0,0.0,0.0,0.0,1.0,0.009170806266717615,0.9795567443637753,0.01127244936950707,-0.00573175391669851,0.001719526175009553,has_traffic_light,False,5234
delta_selected_ego_progress,5234,0.0016765315664752426,0.0,0.15677680148393902,-1.0,-0.0689924974420814,-0.01316274774288359,0.024665968952849004,0.07383967589369145,1.0,0.35097439816583875,0.34524264424914025,0.303782957585021,-0.002532175297689704,0.005785499171802186,has_traffic_light,False,5234
delta_selected_time_to_collision_within_bound,5234,-0.00019105846388995032,0.0,0.1507987580179194,-1.0,0.0,0.0,0.0,0.0,1.0,0.01127244936950707,0.9772640427970959,0.01146350783339702,-0.004394344669468858,0.0038211692777990066,has_traffic_light,False,5234
delta_selected_comfort,5234,-0.0007642338555598013,0.0,0.02763685459333358,-1.0,0.0,0.0,0.0,0.0,0.0,0.0,0.9992357661444402,0.0007642338555598013,-0.001533244172716851,-0.00019105846388995032,has_traffic_light,False,5234
delta_selected_driving_direction_compliance,5234,0.0011463507833397019,0.0,0.1274431576662512,-1.0,0.0,0.0,0.0,0.0,1.0,0.02350019105846389,0.9562476117692014,0.020252197172334733,-0.0022927015666794038,0.004871990829193733,has_traffic_light,False,5234
delta_score,6912,0.0025653811974132145,0.0,0.14915665455397134,-1.0,-0.021547553789876873,-0.0013141422912695822,0.007919405226650023,0.0279833662188261,1.0,0.34736689814814814,0.38657407407407407,0.2660590277777778,-0.0012855966428855807,0.006135098335042169,has_traffic_light,True,6912
delta_oracle_score,6912,4.474822727902128e-05,0.0,0.04330552196336376,-1.0,0.0,0.0,0.0,0.0,1.0,0.08217592592592593,0.8486689814814815,0.06915509259259259,-0.0009761061407531651,0.0010163844712044428,has_traffic_light,True,6912
delta_ranking_ability,6912,0.002520632970134193,0.0,0.147904379664219,-1.0,-0.023590827708593425,-0.002236267979067296,0.00796773122592295,0.02861250170091681,1.0,0.3411458333333333,0.38382523148148145,0.2750289351851852,-0.0007323067842303797,0.005964840287220399,has_traffic_light,True,6912
delta_selected_no_at_fault_collisions,6912,0.0009403935185185185,0.0,0.10640321815238146,-1.0,0.0,0.0,0.0,0.0,1.0,0.006655092592592593,0.9877025462962963,0.005642361111111111,-0.0015209056712962962,0.003399884259259259,has_traffic_light,True,6912
delta_selected_drivable_area_compliance,6912,0.0014467592592592592,0.0,0.1048564158777007,-1.0,0.0,0.0,0.0,0.0,1.0,0.006221064814814815,0.9890046296296297,0.004774305555555556,-0.0010127314814814814,0.004050925925925926,has_traffic_light,True,6912
delta_selected_ego_progress,6912,0.007204976766689793,0.0,0.14358970734485854,-1.0,-0.04606130255848728,-0.0015162290374245158,0.018253172034548154,0.06322483402697729,1.0,0.3443287037037037,0.3980034722222222,0.25766782407407407,0.003956266073780238,0.010566615404728238,has_traffic_light,True,6912
delta_selected_time_to_collision_within_bound,6912,-0.002459490740740741,0.0,0.1828084371905758,-1.0,0.0,0.0,0.0,0.0,1.0,0.015480324074074073,0.9665798611111112,0.017939814814814815,-0.006799768518518518,0.002025462962962963,has_traffic_light,True,6912
delta_selected_comfort,6912,-0.00014467592592592592,0.0,0.0120281306081172,-1.0,0.0,0.0,0.0,0.0,0.0,0.0,0.9998553240740741,0.00014467592592592592,-0.00043402777777777775,0.0,has_traffic_light,True,6912
delta_selected_driving_direction_compliance,6912,0.002387152777777778,0.0,0.09018591384720727,-1.0,0.0,0.0,0.0,0.0,1.0,0.01244212962962963,0.9782986111111112,0.009259259259259259,0.00021701388888888888,0.004559100115740731,has_traffic_light,True,6912
delta_score,5802,-0.0009136728781375623,0.0,0.16033311614332382,-1.0,-0.030745722145829688,-0.006163905387293944,0.010833061338872102,0.032615250953017545,1.0,0.35832471561530505,0.3316097897276801,0.31006549465701483,-0.005129049551804252,0.0031586935418365203,has_red_light,False,5802
delta_oracle_score,5802,-0.0016316804758791906,0.0,0.05214925313794982,-1.0,0.0,0.0,0.0,0.0,1.0,0.06704584625991038,0.8671147880041365,0.06583936573595311,-0.002928309071484494,-0.0003537222023698398,has_red_light,False,5802
delta_ranking_ability,5802,0.0007180075977416269,0.0,0.15820566153815815,-1.0,-0.030924749660600732,-0.006531012313325825,0.01114640545946945,0.03478257229466555,1.0,0.35970355049982766,0.3291968286797656,0.31109962082040676,-0.0032573558431126036,0.004762386840579384,has_red_light,False,5802
delta_selected_no_at_fault_collisions,5802,0.000603240261978628,0.0,0.09024845387505141,-1.0,0.0,0.0,0.0,0.0,1.0,0.0044812133746983795,0.9917269906928645,0.003791795932437091,-0.001723543605653223,0.0027598241985522117,has_red_light,False,5802
delta_selected_drivable_area_compliance,5802,-0.0022406066873491897,0.0,0.13955063210061122,-1.0,0.0,0.0,0.0,0.0,1.0,0.008617718028266115,0.9805239572561186,0.010858324715615306,-0.005687693898655636,0.0013788348845225785,has_red_light,False,5802
delta_selected_ego_progress,5802,0.001870941108734515,0.0,0.15847799207363714,-1.0,-0.06962848077095053,-0.013337968740340739,0.02527703346044957,0.07374155236300513,1.0,0.35522233712512924,0.3409169251982075,0.3038607376766632,-0.0021483436312068126,0.005993273097370215,has_red_light,False,5802
delta_selected_time_to_collision_within_bound,5802,-0.001206480523957256,0.0,0.1558996416454637,-1.0,0.0,0.0,0.0,0.0,1.0,0.011547742157876593,0.9756980351602895,0.01275422268183385,-0.005515339538090314,0.0027619786280592665,has_red_light,False,5802
delta_selected_comfort,5802,-0.0006894174422612892,0.0,0.02624996968577051,-1.0,0.0,0.0,0.0,0.0,0.0,0.0,0.9993105825577387,0.0006894174422612892,-0.0013788348845225785,-0.0001723543605653223,has_red_light,False,5802
delta_selected_driving_direction_compliance,5802,0.001723543605653223,0.0,0.12523569543515245,-1.0,0.0,0.0,0.0,0.0,1.0,0.022923129955187867,0.9579455360220613,0.019131334022750777,-0.0015511892450879006,0.004998276456394347,has_red_light,False,5802
delta_score,6344,0.0031444646853787117,0.0,0.14695208667159415,-1.0,-0.020808228937823903,-0.0009124436475515252,0.007576313471937018,0.027592042792782687,1.0,0.3431588902900378,0.3953341740226986,0.2615069356872636,-0.00034550824762580177,0.006638756661168441,has_red_light,True,6344
delta_oracle_score,6344,0.00021750019862887466,0.0,0.04334352539203264,-1.0,0.0,0.0,0.0,0.0,1.0,0.08417402269861286,0.8453656998738966,0.07046027742749054,-0.0008932507812820961,0.0013277213194567857,has_red_light,True,6344
delta_ranking_ability,6344,0.002926964486749837,0.0,0.1461168246820401,-1.0,-0.022640421223944003,-0.0018195843688922492,0.007572629463759677,0.028326514176522575,1.0,0.3370113493064313,0.3923392181588903,0.27064943253467844,-0.0005961110681376121,0.006602506060514277,has_red_light,True,6344
delta_selected_no_at_fault_collisions,6344,0.0008669609079445146,0.0,0.10296352241743557,-1.0,0.0,0.0,0.0,0.0,1.0,0.006305170239596469,0.9883354350567465,0.005359394703656999,-0.0016551071878940732,0.0034678436317780582,has_red_light,True,6344
delta_selected_drivable_area_compliance,6344,0.0018915510718789407,0.0,0.10503432273654853,-1.0,0.0,0.0,0.0,0.0,1.0,0.006462799495586381,0.9889659520807061,0.00457124842370744,-0.0007881462799495586,0.004413619167717529,has_red_light,True,6344
delta_selected_ego_progress,6344,0.007522157206401894,0.0,0.14061266708717557,-1.0,-0.04425349159440324,-0.000676754734572016,0.016985775045808976,0.0627382338986519,1.0,0.33984867591424966,0.40668348045397223,0.25346784363177804,0.003998131928536278,0.01098436144664252,has_red_light,True,6344
delta_selected_time_to_collision_within_bound,6344,-0.0017339218158890291,0.0,0.18151226234349552,-1.0,0.0,0.0,0.0,0.0,1.0,0.01560529634300126,0.9670554854981085,0.01733921815889029,-0.006147540983606557,0.0026796973518284995,has_red_light,True,6344
delta_selected_comfort,6344,-0.00015762925598991173,0.0,0.012555049023795634,-1.0,0.0,0.0,0.0,0.0,0.0,0.0,0.9998423707440101,0.00015762925598991173,-0.0004728877679697352,0.0,has_red_light,True,6344
delta_selected_driving_direction_compliance,6344,0.0019703656998738966,0.0,0.08898447009528322,-1.0,0.0,0.0,0.0,0.0,1.0,0.01197982345523329,0.9787200504413619,0.009300126103404792,-7.881462799495586e-05,0.004098360655737705,has_red_light,True,6344
delta_score,935,-0.0011048533747769049,0.0,0.18568166678030765,-1.0,-0.03285118412060695,-0.012821939127793724,0.010285774127801017,0.03318314357067773,1.0,0.3839572192513369,0.22032085561497325,0.39572192513368987,-0.012748305867099238,0.010797178862835505,agent_density_bin,0,935
delta_oracle_score,935,-0.0018152374070731657,0.0,0.05186093748533581,-1.0,0.0,0.0,0.0,0.0,0.41666666666666663,0.0877005347593583,0.8245989304812834,0.0877005347593583,-0.005758288109988826,0.001167064433573582,agent_density_bin,0,935
delta_ranking_ability,935,0.0007103840322962565,0.0,0.18123244267933986,-1.0,-0.033532076453406265,-0.01379998079232295,0.011567227068182102,0.034462227568766796,1.0,0.3925133689839572,0.21283422459893048,0.3946524064171123,-0.011839518166027102,0.012187724037430509,agent_density_bin,0,935
delta_selected_no_at_fault_collisions,935,0.0021390374331550803,0.0,0.06540699401677284,-1.0,0.0,0.0,0.0,0.0,1.0,0.0032085561497326204,0.9957219251336898,0.0010695187165775401,-0.0010695187165775401,0.006417112299465241,agent_density_bin,0,935
delta_selected_drivable_area_compliance,935,0.0,0.0,0.19632599730110653,-1.0,0.0,0.0,0.0,0.0,1.0,0.019251336898395723,0.9614973262032086,0.019251336898395723,-0.012834224598930482,0.012834224598930482,agent_density_bin,0,935
delta_selected_ego_progress,935,-0.0005126106663095015,0.0,0.17986024319418342,-1.0,-0.07656827614940358,-0.02975862545689706,0.02558959924638865,0.0807046178295884,1.0,0.3871657754010695,0.22139037433155082,0.39144385026737966,-0.012272646861753961,0.010859740532292288,agent_density_bin,0,935
delta_selected_time_to_collision_within_bound,935,-0.0021390374331550803,0.0,0.04622496342003768,-1.0,0.0,0.0,0.0,0.0,0.0,0.0,0.9978609625668449,0.0021390374331550803,-0.0053475935828877,0.0,agent_density_bin,0,935
delta_selected_comfort,935,-0.0021390374331550803,0.0,0.04622496342003768,-1.0,0.0,0.0,0.0,0.0,0.0,0.0,0.9978609625668449,0.0021390374331550803,-0.0053475935828877,0.0,agent_density_bin,0,935
delta_selected_driving_direction_compliance,935,0.013903743315508022,0.0,0.1510819343801132,-1.0,0.0,0.0,0.0,0.0,1.0,0.044919786096256686,0.9368983957219251,0.01818181818181818,0.004812834224598931,0.023529411764705882,agent_density_bin,0,935
delta_score,2771,-0.001834695409037853,0.0,0.16362762045974377,-1.0,-0.03348495241664917,-0.0088661878375067,0.011992138265169205,0.0355908821632166,1.0,0.3846986647419704,0.27535185853482497,0.33994947672320464,-0.007997834937890125,0.004274950095992377,agent_density_bin,1-4,2771
delta_oracle_score,2771,-0.0007503143795835851,0.0,0.04838595417280187,-1.0,0.0,0.0,0.0,0.0,1.0,0.0844460483579935,0.8462648863226272,0.06928906531937928,-0.0026283320487388716,0.0010211302173210228,agent_density_bin,1-4,2771
delta_ranking_ability,2771,-0.001084381029454268,0.0,0.16083033831561136,-1.0,-0.034342201746191396,-0.00924135776125255,0.0119578280999545,0.037186890166185,1.0,0.3803680981595092,0.2742692168892097,0.34536268495128114,-0.007068990946159807,0.0048420051207830215,agent_density_bin,1-4,2771
delta_selected_no_at_fault_collisions,2771,-0.001804402742692169,0.0,0.09010819406496043,-1.0,0.0,0.0,0.0,0.0,1.0,0.003608805485384338,0.9913388668350775,0.005052327679538073,-0.005232767953807289,0.001623962468422952,agent_density_bin,1-4,2771
delta_selected_drivable_area_compliance,2771,-0.001804402742692169,0.0,0.1459327994129756,-1.0,0.0,0.0,0.0,0.0,1.0,0.009743774810537712,0.9787080476362324,0.01154817755322988,-0.007217610970768676,0.003247924936845904,agent_density_bin,1-4,2771
delta_selected_ego_progress,2771,-3.831502387085419e-05,0.0,0.16059449408537343,-1.0,-0.07489659741051646,-0.019830562748953506,0.02758835663867315,0.0815693622546112,1.0,0.38181162035366295,0.283652111151209,0.33453626849512813,-0.006008811391742222,0.005749188300597065,agent_density_bin,1-4,2771
delta_selected_time_to_collision_within_bound,2771,0.0007217610970768675,0.0,0.15896615047109172,-1.0,0.0,0.0,0.0,0.0,1.0,0.012991699747383616,0.9747383616023096,0.012269938650306749,-0.0054132082280765065,0.006495849873691808,agent_density_bin,1-4,2771
delta_selected_comfort,2771,-0.00036088054853843375,0.0,0.018996856280406864,-1.0,0.0,0.0,0.0,0.0,0.0,0.0,0.9996391194514616,0.00036088054853843375,-0.0010826416456153013,0.0,agent_density_bin,1-4,2771
delta_selected_driving_direction_compliance,2771,0.003428365211115121,0.0,0.11822610432497892,-1.0,0.0,0.0,0.0,0.0,1.0,0.02201371346084446,0.9613857813063876,0.016600505232767952,-0.0009067123782028146,0.007758931793576326,agent_density_bin,1-4,2771
delta_score,5622,0.0024718586338848126,0.0,0.1428211062773172,-1.0,-0.02035702016878591,0.0,0.007084655547713425,0.027131016380673924,1.0,0.3256848096762718,0.43009605122732125,0.24421913909640697,-0.001249390806266359,0.006044934058281203,agent_density_bin,10+,5622
delta_oracle_score,5622,-0.0003330908584371498,0.0,0.04881376773543601,-1.0,0.0,0.0,0.0,0.0,1.0,0.07612949128424049,0.8571682675204554,0.06670224119530416,-0.001609271682090484,0.0009659021571266131,agent_density_bin,10+,5622
delta_ranking_ability,5622,0.002804949492321962,0.0,0.14331842657259097,-1.0,-0.021735056332012743,-0.00016778685166844807,0.0073189791702274526,0.027856345510484583,1.0,0.3203486303806475,0.42849519743863396,0.2511561721807186,-0.001008112969539486,0.0066643616476768615,agent_density_bin,10+,5622
delta_selected_no_at_fault_collisions,5622,0.0011561721807186055,0.0,0.09732454128891412,-1.0,0.0,0.0,0.0,0.0,1.0,0.005691924581999288,0.9898612593383138,0.004446816079686944,-0.0013340448239060833,0.003735325506937033,agent_density_bin,10+,5622
delta_selected_drivable_area_compliance,5622,0.0008893632159373888,0.0,0.10069634193690187,-1.0,0.0,0.0,0.0,0.0,1.0,0.005514051938811811,0.9898612593383138,0.004624688722874422,-0.0017787264318747777,0.0033795802205620774,agent_density_bin,10+,5622
delta_selected_ego_progress,5622,0.00655253784848144,0.0,0.13722281834947406,-1.0,-0.0426703819316208,0.0,0.01570120541183423,0.06138427130710651,1.0,0.3215937388829598,0.4425471362504447,0.23585912486659552,0.003044950761562815,0.010174471076976105,agent_density_bin,10+,5622
delta_selected_time_to_collision_within_bound,5622,-0.002312344361437211,0.0,0.1823807935983492,-1.0,0.0,0.0,0.0,0.0,1.0,0.015474919957310566,0.9667378157239417,0.017787264318747775,-0.006937033084311633,0.0024902170046246885,agent_density_bin,10+,5622
delta_selected_comfort,5622,-0.00017787264318747776,0.0,0.013336890311743507,-1.0,0.0,0.0,0.0,0.0,0.0,0.0,0.9998221273568125,0.00017787264318747776,-0.0005336179295624333,0.0,agent_density_bin,10+,5622
delta_selected_driving_direction_compliance,5622,0.0006225542511561721,0.0,0.0808553951362131,-1.0,0.0,0.0,0.0,0.0,1.0,0.009249377445748844,0.9818569903948773,0.008893632159373888,-0.001511917467093561,0.0027570259694059056,agent_density_bin,10+,5622
delta_score,2818,0.0024370275263478677,0.0,0.1520007750112447,-1.0,-0.023418314188774013,-0.0019574094414905874,0.008887885867117279,0.03015528130530313,1.0,0.35486160397445,0.3708303761533002,0.27430801987224984,-0.003308701278847503,0.007632886168462201,agent_density_bin,5-9,2818
delta_oracle_score,2818,-0.0008652178613826484,0.0,0.043416399295711956,-1.0,0.0,0.0,0.0,0.0,1.0,0.06352022711142655,0.8726046841731725,0.063875088715401,-0.002546243498944177,0.0008113313967172844,agent_density_bin,5-9,2818
delta_ranking_ability,2818,0.003302245387730517,0.0,0.14932372830151894,-1.0,-0.025050868418249564,-0.0024715957091486426,0.009353539232947752,0.030850242638165017,1.0,0.35592618878637333,0.3658623136976579,0.2782114975159688,-0.002375939851437015,0.008815519295805882,agent_density_bin,5-9,2818
delta_selected_no_at_fault_collisions,2818,0.0019517388218594747,0.0,0.11104957275777327,-1.0,0.0,0.0,0.0,0.0,1.0,0.007452093683463449,0.9868701206529453,0.0056777856635912,-0.0021291696238466998,0.006210078069552875,agent_density_bin,5-9,2818
delta_selected_drivable_area_compliance,2818,-0.00035486160397445,0.0,0.10490228246811525,-1.0,0.0,0.0,0.0,0.0,1.0,0.00532292405961675,0.988999290276792,0.0056777856635912,-0.0042583392476933995,0.0035486160397444995,agent_density_bin,5-9,2818
delta_selected_ego_progress,2818,0.007921525816278972,0.0,0.1502208104356022,-1.0,-0.050695944803567386,-0.0033824956117887994,0.020479627828662694,0.06858553072841102,1.0,0.35095812633073104,0.3821859474804826,0.2668559261887864,0.002018713974967487,0.013255741584003963,agent_density_bin,5-9,2818
delta_selected_time_to_collision_within_bound,2818,-0.0017743080198722497,0.0,0.1797240108557062,-1.0,0.0,0.0,0.0,0.0,1.0,0.015259048970901348,0.9677075940383251,0.017033356990773598,-0.008516678495386799,0.0046132008516678496,agent_density_bin,5-9,2818
delta_selected_comfort,2818,-0.00035486160397445,0.0,0.01883777067421859,-1.0,0.0,0.0,0.0,0.0,0.0,0.0,0.9996451383960255,0.00035486160397445,-0.0010645848119233499,0.0,agent_density_bin,5-9,2818
delta_selected_driving_direction_compliance,2818,-0.001242015613910575,0.0,0.1253262026178186,-1.0,0.0,0.0,0.0,0.0,1.0,0.0191625266146203,0.9606103619588361,0.020227111426543647,-0.00603708303761533,0.0031981902058197064,agent_density_bin,5-9,2818
delta_score,2374,0.0038887590068020657,0.0,0.13326386593650458,-1.0,-0.017282990374251038,0.0,0.005654022770651745,0.02423219077393496,1.0,0.3150800336983993,0.45577085088458297,0.22914911541701768,-0.0012448501325465532,0.00915472869335757,nearest_agent_distance_bin,0-5,2374
delta_oracle_score,2374,-0.00039530209323101963,0.0,0.02565033686020848,-1.0,0.0,0.0,0.0,0.0,0.41666666666666663,0.06402695871946082,0.8765796124684078,0.05939342881213142,-0.0015363829988575522,0.0004643637283080558,nearest_agent_distance_bin,0-5,2374
delta_ranking_ability,2374,0.004284061100033086,0.0,0.13328486387183344,-1.0,-0.017950721030343227,0.0,0.005553253579242705,0.025483088662877768,1.0,0.3083403538331929,0.45282224094355517,0.2388374052232519,-0.0009578025401706468,0.009857633931414861,nearest_agent_distance_bin,0-5,2374
delta_selected_no_at_fault_collisions,2374,0.0018955349620893007,0.0,0.10415204551614052,-1.0,0.0,0.0,0.0,0.0,1.0,0.007160909856781803,0.9882055602358888,0.004633529907329402,-0.002316764953664701,0.006107834877843303,nearest_agent_distance_bin,0-5,2374
delta_selected_drivable_area_compliance,2374,-0.0016849199663016006,0.0,0.07109184102970134,-1.0,0.0,0.0,0.0,0.0,1.0,0.0016849199663016006,0.9949452401010952,0.003369839932603201,-0.004633529907329402,0.0012636899747262005,nearest_agent_distance_bin,0-5,2374
delta_selected_ego_progress,2374,0.004843961501253729,0.0,0.12879641256573504,-1.0,-0.03779585250287942,0.0,0.012454083894386847,0.05474467636543062,1.0,0.3091828138163437,0.4667228306655434,0.22409435551811288,-0.0004045901927661562,0.009953669830350292,nearest_agent_distance_bin,0-5,2374
delta_selected_time_to_collision_within_bound,2374,0.005475989890480202,0.0,0.17288705409312113,-1.0,0.0,0.0,0.0,0.0,1.0,0.017691659646166806,0.9700926705981466,0.012215669755686605,-0.0008529907329401846,0.012215669755686605,nearest_agent_distance_bin,0-5,2374
delta_selected_comfort,2374,-0.00042122999157540015,0.0,0.02052388831521455,-1.0,0.0,0.0,0.0,0.0,0.0,0.0,0.9995787700084247,0.00042122999157540015,-0.0012636899747262005,0.0,nearest_agent_distance_bin,0-5,2374
delta_selected_driving_direction_compliance,2374,0.0008424599831508003,0.0,0.07680491505650396,-1.0,0.0,0.0,0.0,0.0,1.0,0.008845829823083403,0.9827295703454086,0.008424599831508003,-0.0021061499578770007,0.004001684919966301,nearest_agent_distance_bin,0-5,2374
delta_score,1671,-0.0006573459580530122,0.0,0.14028383257684496,-1.0,-0.029571151139419327,-0.007515846167319096,0.010578957083256513,0.033210158989282146,1.0,0.3770197486535009,0.2830640335128665,0.3399162178336326,-0.00724822118421038,0.0059944709176352725,nearest_agent_distance_bin,15-30,1671
delta_oracle_score,1671,-0.0007305291696151946,0.0,0.05230916218551008,-1.0,0.0,0.0,0.0,0.0,1.0,0.09934171154997008,0.8252543387193297,0.07540394973070018,-0.003157426431346566,0.0018404273958322493,nearest_agent_distance_bin,15-30,1671
delta_ranking_ability,1671,7.31832115621808e-05,0.0,0.13928174533616824,-1.0,-0.03185634453518921,-0.0087739612136545,0.011019754218873301,0.0342823683338901,1.0,0.37402752842609216,0.27947336923997607,0.3464991023339318,-0.0070180669032397685,0.006834916703046051,nearest_agent_distance_bin,15-30,1671
delta_selected_no_at_fault_collisions,1671,-0.0017953321364452424,0.0,0.08113939363684504,-1.0,0.0,0.0,0.0,0.0,1.0,0.0023937761819269898,0.9934171154997008,0.004189108318372232,-0.005984440454817474,0.0018102932375822045,nearest_agent_distance_bin,15-30,1671
delta_selected_drivable_area_compliance,1671,-0.0005984440454817474,0.0,0.13177598837174404,-1.0,0.0,0.0,0.0,0.0,1.0,0.008378216636744464,0.9826451226810293,0.008976660682226212,-0.006582884500299222,0.005385996409335727,nearest_agent_distance_bin,15-30,1671
delta_selected_ego_progress,1671,0.0010977711890388915,0.0,0.1401367163027303,-1.0,-0.06612255261906985,-0.017108747923863743,0.024853501412287315,0.0778903576841723,1.0,0.3752244165170557,0.289048473967684,0.3357271095152603,-0.005651721905014774,0.007665439451064351,nearest_agent_distance_bin,15-30,1671
delta_selected_time_to_collision_within_bound,1671,-0.0005984440454817474,0.0,0.12235073163047164,-1.0,0.0,0.0,0.0,0.0,1.0,0.00718132854578097,0.9850388988629563,0.007779772591262717,-0.006582884500299222,0.005385996409335727,nearest_agent_distance_bin,15-30,1671
delta_selected_comfort,1671,0.0,0.0,0.0,0.0,0.0,0.0,0.0,0.0,0.0,0.0,1.0,0.0,0.0,0.0,nearest_agent_distance_bin,15-30,1671
delta_selected_driving_direction_compliance,1671,0.005086774386594853,0.0,0.1410116621875035,-1.0,0.0,0.0,0.0,0.0,1.0,0.03052064631956912,0.9473369239976063,0.022142429682824656,-0.002094554159186116,0.011669658886894075,nearest_agent_distance_bin,15-30,1671
delta_score,935,-0.0011048533747769049,0.0,0.18568166678030765,-1.0,-0.03285118412060695,-0.012821939127793724,0.010285774127801017,0.03318314357067773,1.0,0.3839572192513369,0.22032085561497325,0.39572192513368987,-0.013396624944078585,0.010551654276074848,nearest_agent_distance_bin,30+/none,935
delta_oracle_score,935,-0.0018152374070731657,0.0,0.05186093748533581,-1.0,0.0,0.0,0.0,0.0,0.41666666666666663,0.0877005347593583,0.8245989304812834,0.0877005347593583,-0.00529131700282806,0.0010749839944118906,nearest_agent_distance_bin,30+/none,935
delta_ranking_ability,935,0.0007103840322962565,0.0,0.18123244267933986,-1.0,-0.033532076453406265,-0.01379998079232295,0.011567227068182102,0.034462227568766796,1.0,0.3925133689839572,0.21283422459893048,0.3946524064171123,-0.010908178039675875,0.011822644438877605,nearest_agent_distance_bin,30+/none,935
delta_selected_no_at_fault_collisions,935,0.0021390374331550803,0.0,0.06540699401677284,-1.0,0.0,0.0,0.0,0.0,1.0,0.0032085561497326204,0.9957219251336898,0.0010695187165775401,-0.0010695187165775401,0.006417112299465241,nearest_agent_distance_bin,30+/none,935
delta_selected_drivable_area_compliance,935,0.0,0.0,0.19632599730110653,-1.0,0.0,0.0,0.0,0.0,1.0,0.019251336898395723,0.9614973262032086,0.019251336898395723,-0.011764705882352941,0.011764705882352941,nearest_agent_distance_bin,30+/none,935
delta_selected_ego_progress,935,-0.0005126106663095015,0.0,0.17986024319418342,-1.0,-0.07656827614940358,-0.02975862545689706,0.02558959924638865,0.0807046178295884,1.0,0.3871657754010695,0.22139037433155082,0.39144385026737966,-0.01203839095914536,0.011658955269671747,nearest_agent_distance_bin,30+/none,935
delta_selected_time_to_collision_within_bound,935,-0.0021390374331550803,0.0,0.04622496342003768,-1.0,0.0,0.0,0.0,0.0,0.0,0.0,0.9978609625668449,0.0021390374331550803,-0.0053475935828877,0.0,nearest_agent_distance_bin,30+/none,935
delta_selected_comfort,935,-0.0021390374331550803,0.0,0.04622496342003768,-1.0,0.0,0.0,0.0,0.0,0.0,0.0,0.9978609625668449,0.0021390374331550803,-0.0053475935828877,0.0,nearest_agent_distance_bin,30+/none,935
delta_selected_driving_direction_compliance,935,0.013903743315508022,0.0,0.1510819343801132,-1.0,0.0,0.0,0.0,0.0,1.0,0.044919786096256686,0.9368983957219251,0.01818181818181818,0.0042780748663101605,0.023529411764705882,nearest_agent_distance_bin,30+/none,935
delta_score,7166,0.0010531542065675818,0.0,0.15802041928326746,-1.0,-0.026091526643552798,-0.0025113935770438023,0.009411193343336038,0.030804653765515277,1.0,0.35152107172760255,0.3727323471950879,0.27574658107730954,-0.00269296587327844,0.0047614417420551195,nearest_agent_distance_bin,5-15,7166
delta_oracle_score,7166,-0.0005903963820232546,0.0,0.05157459230137116,-1.0,0.0,0.0,0.0,0.0,1.0,0.07298353335193972,0.8600334914875802,0.06698297516048005,-0.0017852816557703166,0.0005901477789691023,nearest_agent_distance_bin,5-15,7166
delta_ranking_ability,7166,0.0016435505885908361,0.0,0.15645263917309254,-1.0,-0.0270561954247954,-0.003001820922216425,0.009442174046278626,0.03246793297546525,1.0,0.3490092101590846,0.3709182249511582,0.2800725648897572,-0.001918203606083952,0.0053024835970483485,nearest_agent_distance_bin,5-15,7166
delta_selected_no_at_fault_collisions,7166,0.0007675132570471671,0.0,0.10145197020163244,-1.0,0.0,0.0,0.0,0.0,1.0,0.005861010326542004,0.9889757186715044,0.00516327100195367,-0.0016048004465531677,0.0032096008931063354,nearest_agent_distance_bin,5-15,7166
delta_selected_drivable_area_compliance,7166,0.0005581914596706671,0.0,0.12162987523826582,-1.0,0.0,0.0,0.0,0.0,1.0,0.007675132570471672,0.9852079263187273,0.0071169411108010045,-0.0023723137036003347,0.0033491487580240022,nearest_agent_distance_bin,5-15,7166
delta_selected_ego_progress,7166,0.006380284167238393,0.0,0.15347178630431338,-1.0,-0.054546208639041416,-0.0035072133896177082,0.021569284832514135,0.0696756433258861,1.0,0.3480323751046609,0.38515210717276027,0.26681551772257883,0.0028872156544097805,0.009807619638345656,nearest_agent_distance_bin,5-15,7166
delta_selected_time_to_collision_within_bound,7166,-0.003907340217694669,0.0,0.18749853480661466,-1.0,0.0,0.0,0.0,0.0,1.0,0.015629360870778677,0.964833938040748,0.019536701088473347,-0.008372871895060006,0.0004186435947530003,nearest_agent_distance_bin,5-15,7166
delta_selected_comfort,7166,-0.00027909572983533354,0.0,0.016704992582649313,-1.0,0.0,0.0,0.0,0.0,0.0,0.0,0.9997209042701647,0.00027909572983533354,-0.0006977393245883338,0.0,nearest_agent_distance_bin,5-15,7166
delta_selected_driving_direction_compliance,7166,-0.00013954786491766677,0.0,0.10059131554826861,-1.0,0.0,0.0,0.0,0.0,1.0,0.013257047167178342,0.9733463578007256,0.013396595032096009,-0.0024420876360591683,0.0021629919062238346,nearest_agent_distance_bin,5-15,7166
delta_score,4363,0.0026815352089284593,0.0,0.18172589569923342,-1.0,-0.02679838879594027,-0.006165358548543887,0.010622765009613122,0.032725076676336076,1.0,0.3669493467797387,0.319046527618611,0.31400412560165025,-0.002837902781324534,0.008073175132391076,has_vru,False,4363
delta_oracle_score,4363,0.0005736694816062369,0.0,0.05620277610577463,-1.0,0.0,0.0,0.0,0.0,1.0,0.08388723355489343,0.8427687371074949,0.07334402933761174,-0.000993277223747267,0.0023551767211648133,has_vru,False,4363
delta_ranking_ability,4363,0.0021078657273222207,0.0,0.17861983101197845,-1.0,-0.029169589687540316,-0.007132818812352103,0.010617577596103045,0.034308081963339225,1.0,0.3644281457712583,0.3142333256933303,0.3213385285354114,-0.003082226757179131,0.007385413296944105,has_vru,False,4363
delta_selected_no_at_fault_collisions,4363,0.0008022003208801283,0.0,0.10014568972176478,-1.0,0.0,0.0,0.0,0.0,1.0,0.005730002292000917,0.9894567957827183,0.00481320192528077,-0.0021774008709603485,0.003781801512720605,has_vru,False,4363
delta_selected_drivable_area_compliance,4363,0.0013752005500802201,0.0,0.16723316068094488,-1.0,0.0,0.0,0.0,0.0,1.0,0.014668805867522347,0.9720375888150355,0.013293605317442126,-0.0036729314691725874,0.00618840247536099,has_vru,False,4363
delta_selected_ego_progress,4363,0.005686684339925828,0.0,0.17636993465903267,-1.0,-0.060404333920958425,-0.01350675715681754,0.024751020428919357,0.07336725560612818,1.0,0.3648865459546184,0.32661013064405225,0.30850332340132935,0.0005685102708491735,0.010976099923034699,has_vru,False,4363
delta_selected_time_to_collision_within_bound,4363,0.0006876002750401101,0.0,0.15366375189751252,-1.0,0.0,0.0,0.0,0.0,1.0,0.012147604859041943,0.9763923905569563,0.011460004584001834,-0.003667201466880587,0.0050424020169608065,has_vru,False,4363
delta_selected_comfort,4363,-0.0009168003667201467,0.0,0.03026829744165936,-1.0,0.0,0.0,0.0,0.0,0.0,0.0,0.9990831996332799,0.0009168003667201467,-0.0018336007334402934,-0.00022920009168003668,has_vru,False,4363
delta_selected_driving_direction_compliance,4363,0.0033234013293605316,0.0,0.12272861652915006,-1.0,0.0,0.0,0.0,0.0,1.0,0.02406600962640385,0.9575979830391932,0.018336007334402934,-0.00034380013752005503,0.007108067843227122,has_vru,False,4363
delta_score,7783,0.00037875058570391144,0.0,0.13512239925044664,-1.0,-0.02480159196427709,-0.0018026683159236279,0.008131414719976027,0.028682579886863114,1.0,0.34112809970448416,0.39059488629063344,0.26827701400488246,-0.0026997330642907235,0.003250381652108501,has_vru,True,7783
delta_oracle_score,7783,-0.0013606718243861615,0.0,0.04228419519883295,-1.0,0.0,0.0,0.0,0.0,1.0,0.07156623409996145,0.8630348194783503,0.0653989464216883,-0.0023185275391873913,-0.0004273294216028993,has_vru,True,7783
delta_ranking_ability,7783,0.0017394224100900717,0.0,0.13482613398495327,-1.0,-0.025924255864480376,-0.002400492139898399,0.008488963067103651,0.02979942360500142,1.0,0.33855839650520364,0.3890530643710651,0.27238853912373123,-0.0010865983573632723,0.00458439756146668,has_vru,True,7783
delta_selected_no_at_fault_collisions,7783,0.0007066683798021328,0.0,0.09534670285354002,-1.0,0.0,0.0,0.0,0.0,1.0,0.00526789155852499,0.9902351278427342,0.004496980598740845,-0.0014775793395862778,0.0027624309392265192,has_vru,True,7783
delta_selected_drivable_area_compliance,7783,-0.0008993961197481691,0.0,0.08853131019304857,-1.0,0.0,0.0,0.0,0.0,1.0,0.0034690993190286522,0.9921624052421946,0.004368495438776821,-0.0028266735192085312,0.0010278812797121933,has_vru,True,7783
delta_selected_ego_progress,7783,0.004338270828111896,0.0,0.1319606750569322,-1.0,-0.05224913991548823,-0.002346690486891456,0.018405432328072624,0.06537449483524675,1.0,0.3372735449055634,0.4025440061672877,0.2601824489271489,0.0013697973436232237,0.007210867484216665,has_vru,True,7783
delta_selected_time_to_collision_within_bound,7783,-0.002698188359244507,0.0,0.17813655285460536,-1.0,0.0,0.0,0.0,0.0,1.0,0.01451882307593473,0.968264165488886,0.017217011435179237,-0.0064242579982012075,0.0012848515996402416,has_vru,True,7783
delta_selected_comfort,7783,-0.00012848515996402416,0.0,0.011335129463928683,-1.0,0.0,0.0,0.0,0.0,0.0,0.0,0.999871514840036,0.00012848515996402416,-0.00038545547989207247,0.0,has_vru,True,7783
delta_selected_driving_direction_compliance,7783,0.0010278812797121933,0.0,0.09849273805056537,-1.0,0.0,0.0,0.0,0.0,1.0,0.013362456636258513,0.9750738789669793,0.011563664396762175,-0.0011563664396762173,0.0031494924836181332,has_vru,True,7783
